{"val_accuracy":0.5,"val_recall":0,"_wandb":{"runtime":21},"val_f1":0,"train_loss":0.04760890603065491,"epoch":17,"_runtime":21.191249083,"_step":17,"val_precision":0,"val_loss":0.05463206022977829,"_timestamp":1.735371199025825e+09,"train_acc":0.4}