{"_wandb":{"runtime":47},"_runtime":47.871360161,"val_recall":0.6,"epoch":40,"val_precision":0.6666666666666666,"val_loss":0.042842112481594086,"val_accuracy":0.65,"_timestamp":1.7353711721552186e+09,"train_loss":0.043350601196289064,"val_f1":0.631578947368421,"_step":40,"train_acc":0.5}